workbook,sheet,max_row,max_column
MOE.xlsx,1Lane,19,13
MOE.xlsx,2Lane,21,14
MOE.xlsx,Sheet2,14,11
MOE_1LANE.xlsx,1Lane,19,13
MOE_1LANE.xlsx,2Lane,21,14
MOE_1LANE.xlsx,Sheet2,14,11
calc.xlsx,Sheet1,26,6
calc.xlsx,GLOBAL,107,18
elas.xlsx,Sheet1,26,6
elas.xlsx,GLOBAL,107,23
qt_elasticity.xlsx,METER-Elasticity,37,18
qt_elasticity.xlsx,Sheet3,9,8
qt_elasticity.xlsx,Sheet1,81,33
qt_elasticity.xlsx,1lane,74,14
qt_elasticity.xlsx,2lane,80,14
qt_elasticity.xlsx,results_nometering,95,12
qt_elasticity.xlsx,NOMETER-Elasticity,37,17
qt_elasticity.xlsx,standard,109,27
results1_lane2.xlsx,Sheet1,13,38
results1_lane2.xlsx,Sheet2,1,1
results1_lane2.xlsx,Sheet3,1,1
results_lane1.xlsx,1lane,12,65
results_lane1.xlsx,Sheet2,76,37
results_lane1.xlsx,Sheet3,1,1
results_lane2.xlsx,Sheet1,50,38
results_lane2.xlsx,Sheet2,1,1
results_lane2.xlsx,Sheet3,1,1
